Model,Accuracy,Sensitivity,Specificity
ATRIONNET (Proposed),0.4666666666666667,0.47058823529411764,0.46153846153846156
U-Net (Baseline),0.5,0.3333333333333333,0.6666666666666666
CNN-LSTM (Baseline),0.5,0.6666666666666666,0.3333333333333333
CNN-1D (Baseline),0.3333333333333333,0.0,0.6666666666666666
