Model,Precision,Recall,F1-score,mAP @ 0.5
ATRIONNET (Proposed),0.7542087542087542,0.986784140969163,0.8549618320610688,0.7866769791540753
U-Net (Baseline),0.85,0.82,0.83,0.78
CNN-LSTM (Baseline),0.82,0.81,0.81,0.76
CNN-1D (Baseline),0.8,0.79,0.79,0.75
